N°;Date;Etapes;Variable(s);Action réalisée;Justification;Livrables;Observations
1;31-juil;Chargement et inspection de la base;Toutes les variables;Inspection visuelle de la base de données, Prise de connaissances des différentes variables et leurs modalités;;;
2;31-juil;Sommaire de la base de données;Toutes les variables;Inspection générale de la base (Nombre de lignes et de colonnes, variables, cellules vides, valeurs manquantes);;;
3;31-juil;Documentation;Toutes les variables;Construction d'un dictionnaire de données à partir de recherche sur internet et des clarifications avec l'IA;Absence de documentation officielle;;
4;15-août;Nettoyage : Renommage des colonnes;Toutes les variables;Renommage des colonnes suivant le dictionnaire révisé ;;Base de données nettoyée;
5;15-août;Nettoyage : Valeurs manquantes;Comorbidite_naissance, Date_Dose1, Date_Dose2;"Remplacement de 107 cellules ""NA"" (texte) par cellules vides ";" 100% des manquants codés en texte ""NA"", Aucune vraie cellule vide dans la colonne d'origine";NA → (vide);"Note : les ""#N/A"" dans Date_dose1/Date_dose2 ne sont pas du texte mais de vraies valeurs d'erreur Excel (probablement issues d'une formule =NA() ou RECHERCHEV dans le fichier source) — Rechercher/Remplacer en mode texte ne les détecte pas ; utilisation de F5 > Cellules > Erreurs à la place. "
6;16-août;Nettoyage : Valeurs dupliquées;CapaciteNeutralisation_(28j, 3mois, 7mois) et Titre_AC_7mois;"Séparation des cellules à double mesure (""xy"") en 2 colonnes distinctes (_mesure1, _mesure2) via Convertir Texte en colonnes)";"Absence de documentation sur la nature de la 2e valeur ; choix de conserver l'information brute sans perte plutôt que de calculer une moyenne arbitraire";;"Anomalie détectée : l'outil ""Texte en colonnes"" a mal interprété le séparateur décimal (confusion point virgule, paramètres régionaux français) lors de la séparation des cellules ""xy"" — valeurs comme ""1.6594"" transformées en ""16594"". Corrigé en spécifiant manuellement les séparateurs via le bouton ""Avancé"" de l'assistant. Lacolonne Titre_AC_7mois n'a pas posé de problèeme de séparateur"
7;16-août;Nettoyage : Censure/codes spéciaux;Titre_AC_28j, Titre_AC_3mois, Titre_AC_7mois_mesure1, Titre_AC_7mois_mesure2;"Séparation de chaque colonne en 2 : ""_valeur"" (numérique pur) et ""_statut"" (Normal/Censure_haute/Echec_technique/Manquant), via SIERREUR(CNUM(...)) et test GAUCHE()/ESTVIDE(). Nous avons "">120"" → valeur vide + statut ""Censure_haute"" ; ""*****"" → valeur vide + statut ""Echec_technique"" ; cellule vraiment vide → valeur vide + statut en cellule vide";"Colonnes d'origine mélangeaient valeurs numériques réelles et codes texte ("">120"", ""*****"") ; conserver l'info qualitative plutôt que de la supprimer ou d'inventer une valeur";;"Ajout d'un test ESTVIDE() en priorité dans les formules, car les vraies cellules vides étaient mal interprétées (donnaient 0 en valeur et ""Normal"" en statut par défaut). CNUM() renvoie 0 sur une cellule vide au lieu d'une erreur ; nécessaire pour distinguer ""vraiment manquant"" de ""censure""/""échec technique"" ; Cellule vide : ""0.00000""/""Normal"" → """" / cellule vide "
8;16-août;"Nettoyage : Recodage catégoriel des codes spéciaux ""*"" et ""?""";Resultat_qual_28j/3mois/7mois vs Titre_AC correspondant;"Vérification de la cohérence entre résultat qualitatif et valeur quantitative associée ; Recodage de ""*"" en ""Non testé"" et "","" en ""Incertain""";"Validation croisée et Logique confirmée aux 3 temps : ""*""↔""*****"" (test non réalisé), ""N""↔numérique, ""R""↔(numérique ou "">120""), ""?""↔numérique | 2 cas anomalies détectés (""R"" associé à ""*****"") sur 294×3 ≈ 880 paires observées";;"Piège rencontré : ""*"" et ""?"" sont interprétés comme caractères joker par Rechercher/Remplacer dans Excel — nécessité d'échapper avec ""~*"" et ""~?"" pour cibler les symboles littéraux."
9;16-août;Correction label;Titre_AC_28j/_3mois/_7mois_mesure1/_mesure2 (statut);"Remplacement global ""Echec_technique"" → ""Non_teste"" (337 cellules), puis exception manuelle sur US-111 (Titre_AC_3mois) remise en ""Echec_technique""";"Validation croisée montrant que la quasi-totalité des cas étaient systématiques (test non réalisé) et non des pannes ; US-111 isolé et contredit le pattern";;
10;16-août;Correction saisie;CapaciteNeutralisation_28j_mesure2;"Correction de ""2817"" en ""0.2817"" (point décimal manquant, valeur aberrante comparée à mesure1=0.2817 et à la plage habituelle de la variable) ; ""2817"" → ""0.2817""";;;Détecté lors du scan final de vérification des caractères spéciaux résiduels
11;20-août;Standardisation catégorielle;Sexe, Comorbidite_naissance, Infection_anterieure, Resultat_neutralisation_28j/3mois/7mois, Classe_IMC, Statut_vaccinal;"Recodage des 8 dernières colonnes catégorielles vers des libellés explicites en français (codes courts F/M/Y/N/R décodés + traduction des modalités restées en anglais) ; Ex: ""F""→""Femme"" ; ""Overweight""→""Surpoids"" ; ""Vaccinated""→""Vacciné""";Pour une cohérence terminologique complète du fichier ;;Vérification exhaustive des 29 colonnes confirmant que ces 8 étaient les seules concernées (Classe_scolaire exclue, codes scolaires propres à l'étude, non traduisibles)
12;20-août;Vérification types de données;Toutes les colonnes;"Contrôle systématique du type de chaque colonne (alignement, Ctrl+1) : colonnes numériques (Valeur_IMC, Age, Densite_optique_..., Titre_AC_..._valeur, CapaciteNeutralisation_..., Temps_suivi_jours) et colonnes dates (Date_dose1/2) vérifiées correctes ; Correction du format mixte ""Standard/Nombre"" sur Titre_AC_7mois_mesure_2 ; uniformisation du format des en-têtes (ligne 1) en ""Standard"" sur l'ensemble du fichier";;;" 2 constats sans impact réel, documentés pour mémoire : (1) en-têtes parfois au même format ""Nombre"" que leurs valeurs — sans effet, un en-tête reste du texte quel que soit le format appliqué ; (2) formats Standard sur Age/Temps_suivi_jours — sans impact sur les calculs. Seule vraie correction : format mixte Standard/Nombre uniformisé sur Titre_AC_7mois_mesure_2, et harmonisation des en-têtes en ""Standard"" ; Contrôle nécessaire après les transformations des étapes 2-4 (formules, séparations, recodages) pour s'assurer qu'aucune valeur numérique n'était restée déguisée en texte"
13;20-août;Standardisation de la mise en forme;Ensemble du fichier;Suppression de toute la mise en forme héritée (couleurs, gras, polices, bordures manquantes) et réapplication d'un style uniforme (bordures complètes, en-têtes en gras, police unique, tableau structuré);" Investigation menée avant suppression : (1) surlignage jaune sur ODQ28Days/ODQ4months coïncidant exactement avec les 2 colonnes déjà signalées comme problématiques au dictionnaire ; signal probable des auteurs originaux, confiance renforcée sur ces variables ; (2) surlignage bleu sur 2 lignes isolées (US-004, US-019) ; hypothèse de contradiction Q Result/N Results testée et rejetée : origine non déterminée, probable audit manuel des auteurs ; (3) désaccord Q Result/N Results noté comme caractéristique biologique du dataset (deux méthodes sérologiques différentes), non corrigé ; (4) cellule rouge isolée (US-116) et triangles verts Excel (BMI/Vacstat, faux-positifs standards) sans pattern confirmé. Mise en forme jugée sans valeur analytique exploitable au-delà de ces observations, supprimée après investigation";;
14;20-août;Construction variable dérivée;Titre_tronque;"Colonne reconstruite (vide à l'origine) : valeur=120 si le statut de censure au temps correspondant à Temps_suivi_jours est ""Censure_haute"", vide sinon";"Absence de documentation officielle ; règle basée sur la correspondance Time/point de mesure le plus proche (92j→3mois, 182j/210j→7mois, faute de colonne dédiée à 182j) ; convention standard en analyse de survie pour encoder une censure connue";;
15;20-août;Indicateurs de validation;Ensemble du dataset nettoyé;"Calcul de 6 indicateurs de vérification post-nettoyage sur feuille dédiée ""Indicateurs"" : (1) intégrité — 294 lignes, 294 ID uniques ; (2) répartition Censure_haute par temps (43/156/174 à 28j/3mois/7mois), conforme au croisement établi en étape 4 ; (3) progression du titre d'anticorps moyen (cas ""Normal"" uniquement) : 18.98 → 29.72 → 44.49, cohérente avec la logique biologique attendue (montée post-vaccinale) ; (4) cohérence chronologique Dose_Date1/Dose_Date2 (0 inversion) ; (5) plage d'âge plausible (11-16 ans) ; (6) cohérence de la variable dérivée Titre_tronque avec Statut_evenement (0 incohérence)";Objectif double : produire des indicateurs de synthèse ET valider que le nettoyage des étapes 1-5 n'a pas laissé d'erreur cachée;; Une anomalie a été détectée par l'indicateur 3 (moyenne à 7 mois initialement à 431 321.99, hors de toute plage plausible) : facteur ×10000 résiduel sur Titre_AC_7mois_mesure_1_valeurs (bug de séparateur décimal non corrigé aux étapes précédentes, ex. US-512 : 979592→97.9592), corrigé par division ciblée des valeurs >1000
16;23/08/2026;Correction d'indicateur de validation;6. Cohérence Titre_tronque / Statut_evenement;"Correction du commentaire de l'indicateur 6 : retrait de l'attente erronée ""0 cas""";"L'indicateur supposait à tort que Titre_tronque_dérivée=120 et Statut_evenement=0 ne pouvaient pas coexister ; en réalité ces deux variables mesurent des choses différentes (titre élevé au dernier suivi vs survenue d'un événement)";;Erreur détectée lors de la reproduction du nettoyage en R (même résultat obtenu : 150 cas des deux côtés). Un titre élevé va logiquement de pair avec l'absence d'événement. On a donc 150 cas cohérents, pas une anomalie de données. Aucune correction nécessaire sur les données elles-mêmes, uniquement sur la formulation de l'indicateur
